id,first_name,last_name,email,gender,ip_address
1,Hank,Taverner,htaverner0@mozilla.org,Male,35.55.37.176
2,Gregorio,MacKnockiter,gmacknockiter1@soup.io,Male,241.83.66.79
3,Flora,Vian,fvian2@uiuc.edu,Female,60.216.177.124
4,Rawley,Motte,rmotte3@com.com,Male,192.192.122.139
5,Uri,Ather,uather4@adobe.com,Male,72.201.202.109
6,Lefty,Semerad,lsemerad5@networksolutions.com,Male,74.255.201.230
7,Garreth,Boak,gboak6@gov.uk,Male,27.162.52.17
8,Gilbertina,Peatt,gpeatt7@clickbank.net,Female,140.27.178.99
9,Wat,Sellers,wsellers8@stumbleupon.com,Male,38.128.121.233
10,Sarge,Inns,sinns9@indiatimes.com,Male,191.224.68.49
11,Gleda,Joinsey,gjoinseya@youku.com,Female,177.100.39.144
12,Amalita,Dougary,adougaryb@utexas.edu,Female,95.179.89.162
13,Reuben,Fancourt,rfancourtc@businessinsider.com,Male,17.59.149.155
14,Brent,Pycock,bpycockd@apple.com,Male,167.217.188.151
15,Gail,Spira,gspirae@joomla.org,Male,92.223.46.174
16,Grethel,Bilbery,gbilberyf@about.me,Female,246.194.155.141
17,Coop,Babber,cbabberg@theatlantic.com,Male,12.64.120.93
18,Shellysheldon,Sainthill,ssainthillh@cisco.com,Male,13.152.135.65
19,Jenda,Townley,jtownleyi@mashable.com,Female,230.208.152.185
20,Ignazio,Silversmidt,isilversmidtj@icio.us,Male,241.93.192.119
21,Roscoe,Bedberry,rbedberryk@unc.edu,Male,240.41.171.34
22,Carmela,Bracegirdle,cbracegirdlel@mashable.com,Female,76.133.15.148
23,Constantia,Brooksbank,cbrooksbankm@typepad.com,Female,205.63.127.71
24,Lou,Gilliland,lgillilandn@washington.edu,Male,216.81.188.160
25,Carolan,Cowx,ccowxo@cargocollective.com,Female,50.190.97.151
26,Derril,Gover,dgoverp@liveinternet.ru,Male,234.234.177.123
27,Juanita,Abramov,jabramovq@sciencedaily.com,Female,76.142.193.1
28,Boot,Kealy,bkealyr@economist.com,Male,48.128.62.135
29,Kenna,Bence,kbences@dot.gov,Female,207.32.46.188
30,Loralyn,Carthew,lcarthewt@squarespace.com,Female,81.82.29.82
31,Albrecht,Langmead,alangmeadu@berkeley.edu,Male,111.62.54.203
32,Monty,Hallad,mhalladv@xing.com,Male,30.47.56.95
33,Lloyd,Kurtis,lkurtisw@twitpic.com,Male,197.86.30.137
34,Berna,Gogan,bgoganx@github.io,Female,38.4.79.19
35,Stephi,Brogioni,sbrogioniy@hibu.com,Female,137.249.70.110
36,Noelani,Lodwick,nlodwickz@unc.edu,Female,114.170.73.171
37,Marrissa,Disbury,mdisbury10@tumblr.com,Female,118.129.187.25
38,Aeriela,Cammomile,acammomile11@digg.com,Female,46.184.30.149
39,Rouvin,McBay,rmcbay12@wsj.com,Male,253.118.63.219
40,Geoffrey,Toretta,gtoretta13@thetimes.co.uk,Male,39.89.122.4
41,Reyna,Wrintmore,rwrintmore14@yelp.com,Female,86.196.203.232
42,Alain,Vlach,avlach15@archive.org,Male,187.203.20.145
43,Alicia,Ambrosetti,aambrosetti16@theatlantic.com,Female,208.223.169.224
44,Curcio,Hulse,chulse17@google.it,Male,177.181.99.169
45,Ingemar,Shine,ishine18@diigo.com,Male,119.43.122.190
46,Felicdad,Hiddy,fhiddy19@t.co,Female,78.231.48.52
47,Laural,Sevin,lsevin1a@cocolog-nifty.com,Female,171.245.55.70
48,Joey,Firth,jfirth1b@skype.com,Female,22.187.45.90
49,Paolina,Filipchikov,pfilipchikov1c@zimbio.com,Female,141.94.53.37
50,Gabriel,Pickvance,gpickvance1d@twitpic.com,Female,91.171.29.138
51,Milty,Cawthery,mcawthery1e@github.io,Male,156.24.51.75
52,Gilbert,Grzegorzewski,ggrzegorzewski1f@drupal.org,Male,213.47.220.175
53,Cordula,Eagell,ceagell1g@yolasite.com,Female,249.211.5.170
54,Hilton,Kighly,hkighly1h@soup.io,Male,151.43.84.120
55,Idaline,Silverston,isilverston1i@census.gov,Female,208.184.1.234
56,Hube,Ransom,hransom1j@spiegel.de,Male,245.229.133.48
57,Mathilda,Darlison,mdarlison1k@smh.com.au,Female,152.3.45.218
58,Barr,Barney,bbarney1l@unesco.org,Male,219.33.222.179
59,Gilles,Mallinar,gmallinar1m@slideshare.net,Male,235.74.114.48
60,Lewiss,Sumpner,lsumpner1n@ft.com,Male,166.76.76.32
61,Miof mela,Tennet,mtennet1o@google.pl,Female,9.119.133.53
62,Zena,Camidge,zcamidge1p@shutterfly.com,Female,232.167.251.9
63,Nelie,Putton,nputton1q@sohu.com,Female,140.148.255.122
64,Uriah,Dumblton,udumblton1r@chronoengine.com,Male,217.210.161.58
65,Isidore,St. John,istjohn1s@dot.gov,Male,157.6.49.216
66,Ive,Richardin,irichardin1t@myspace.com,Male,90.19.100.91
67,Hope,Tommei,htommei1u@wikia.com,Female,227.51.241.102
68,Ev,Tebb,etebb1v@soundcloud.com,Male,37.36.235.116
69,Enoch,Coverdale,ecoverdale1w@ted.com,Male,233.157.41.6
70,Rosy,Cracknall,rcracknall1x@yale.edu,Female,98.216.210.34
71,Cyril,Haggard,chaggard1y@bloomberg.com,Male,121.83.37.6
72,Charity,Flinders,cflinders1z@diigo.com,Female,34.246.54.123
73,Piper,Feeham,pfeeham20@de.vu,Female,234.13.91.197
74,Geoffry,Mulholland,gmulholland21@uol.com.br,Male,103.148.229.0
75,Jayme,Leveridge,jleveridge22@businessinsider.com,Female,119.16.206.45
76,Wit,Stidworthy,wstidworthy23@dion.ne.jp,Male,47.50.75.64
77,Lyndsay,Dormon,ldormon24@smh.com.au,Female,66.200.198.244
78,Ham,Orhtmann,horhtmann25@earthlink.net,Male,196.40.16.61
79,Antonino,Mardlin,amardlin26@newyorker.com,Male,24.191.234.206
80,Cross,Ronchka,cronchka27@bloglovin.com,Male,239.188.122.227
81,Kaylyn,Illem,killem28@yellowpages.com,Female,248.190.7.118
82,Pren,Swate,pswate29@scientificamerican.com,Male,246.112.215.215
83,Brena,Duchesne,bduchesne2a@cam.ac.uk,Female,154.244.117.83
84,Carena,Pelling,cpelling2b@eepurl.com,Female,111.226.124.19
85,Ernesta,Muldoon,emuldoon2c@tinypic.com,Female,97.235.17.14
86,Marabel,Gillatt,mgillatt2d@geocities.jp,Female,76.43.191.77
87,Dieter,Marjoribanks,dmarjoribanks2e@chicagotribune.com,Male,24.122.50.0
88,Sammie,Fildery,sfildery2f@jigsy.com,Male,78.173.132.246
89,Fleur,Howieson,fhowieson2g@sbwire.com,Female,183.160.154.54
90,Jeddy,Mongan,jmongan2h@kickstarter.com,Male,189.117.107.108
91,Pren,Gerring,pgerring2i@ovh.net,Male,71.122.184.149
92,Matteo,Comport,mcomport2j@japanpost.jp,Male,249.15.59.80
93,Celinka,Hardstaff,chardstaff2k@wp.com,Female,12.108.156.7
94,Carolyn,Drewry,cdrewry2l@nyu.edu,Female,142.171.135.143
95,Abby,Traise,atraise2m@edublogs.org,Male,157.88.48.148
96,Max,Fotherby,mfotherby2n@dailymail.co.uk,Male,75.163.232.100
97,Christabel,Ansett,cansett2o@chron.com,Female,241.31.138.130
98,Jemie,Klosterman,jklosterman2p@zdnet.com,Female,176.95.155.191
99,Cris,Garlant,cgarlant2q@usatoday.com,Male,55.5.185.125
100,Kristo,Agastina,kagastina2r@flavors.me,Male,91.62.51.252
101,Tierney,Sans,tsans2s@marketwatch.com,Female,36.75.163.15
102,Clayborne,Dishman,cdishman2t@hatena.ne.jp,Male,35.77.204.247
103,Kirby,Bucknell,kbucknell2u@phoca.cz,Female,180.137.51.39
104,Gillie,Springett,gspringett2v@weebly.com,Female,148.3.68.40
105,Patrice,Fretwell,pfretwell2w@google.co.jp,Male,7.150.72.176
106,Morley,Kasting,mkasting2x@ow.ly,Male,144.132.132.171
107,Ansell,Mossbee,amossbee2y@photobucket.com,Male,245.30.19.106
108,Daisey,Rizzillo,drizzillo2z@networkadvertising.org,Female,130.48.49.141
109,Levin,Hubbucks,lhubbucks30@techcrunch.com,Male,224.129.248.32
110,Nettie,Earie,nearie31@trellian.com,Female,8.228.224.207
111,Agnola,McSaul,amcsaul32@surveymonkey.com,Female,26.239.77.141
112,Ephrem,Durbyn,edurbyn33@hhs.gov,Male,84.126.86.161
113,Denis,Carey,dcarey34@bbb.org,Male,88.6.255.18
114,Benji,Stichall,bstichall35@reuters.com,Male,239.25.178.96
115,Samuele,Cunrado,scunrado36@tripod.com,Male,93.207.171.111
116,Sanders,Bracknall,sbracknall37@pagesperso-orange.fr,Male,142.65.161.190
117,Hyman,Roderigo,hroderigo38@wikimedia.org,Male,70.5.118.18
118,Carly,Kohlerman,ckohlerman39@1und1.de,Female,134.155.243.164
119,Muire,Parley,mparley3a@disqus.com,Female,135.86.192.46
120,Josefa,Strelitzer,jstrelitzer3b@ehow.com,Female,202.48.97.168
121,Johnnie,Quinnelly,jquinnelly3c@google.com.hk,Male,113.206.65.249
122,Lucy,Loughney,lloughney3d@seesaa.net,Female,30.118.28.27
123,Dorri,Fergusson,dfergusson3e@shareasale.com,Female,15.69.63.231
124,Codi,Gashion,cgashion3f@ucoz.ru,Male,156.43.72.208
125,Goraud,Vlasenkov,gvlasenkov3g@over-blog.com,Male,184.45.56.161
126,Jannel,Gutsell,jgutsell3h@devhub.com,Female,136.178.96.55
127,Glenn,O'Neil,goneil3i@sun.com,Male,192.84.105.5
128,Brendan,Caldera,bcaldera3j@wikispaces.com,Male,234.46.90.229
129,Evy,Comiam,ecomiam3k@telegraph.co.uk,Female,196.9.107.5
130,Rozella,Bather,rbather3l@stanford.edu,Female,9.29.53.241
131,Noella,Chippin,nchippin3m@alibaba.com,Female,154.15.101.111
132,Freda,Rogister,frogister3n@mapquest.com,Female,141.147.196.245
133,Opaline,Fried,ofried3o@people.com.cn,Female,89.192.5.37
134,Sim,Luddy,sluddy3p@phoca.cz,Male,103.131.87.122
135,Leanna,Schoolcroft,lschoolcroft3q@unicef.org,Female,221.247.189.21
136,Bo,O'Codihie,bocodihie3r@sciencedirect.com,Male,183.244.34.230
137,Perrine,Frankland,pfrankland3s@1und1.de,Female,106.170.74.101
138,Harlen,Bulman,hbulman3t@amazon.co.uk,Male,197.18.74.253
139,Davon,Orrah,dorrah3u@cnet.com,Male,132.208.176.226
140,Tymon,Wallbridge,twallbridge3v@stanford.edu,Male,78.64.12.73
141,Minne,Nials,mnials3w@netlog.com,Female,181.212.82.143
142,Chris,Bridgement,cbridgement3x@addthis.com,Male,98.203.200.243
143,Carlota,Duffitt,cduffitt3y@oaic.gov.au,Female,251.88.63.242
144,Tobi,Sollom,tsollom3z@ftc.gov,Female,67.202.99.234
145,Clementia,Webburn,cwebburn40@ibm.com,Female,207.2.154.98
146,Alfred,Jaxon,ajaxon41@mac.com,Male,197.239.236.161
147,Eddy,Farrent,efarrent42@bing.com,Male,60.157.152.30
148,Alika,Ubsdale,aubsdale43@wsj.com,Female,22.101.251.109
149,Rae,Maletratt,rmaletratt44@macromedia.com,Female,203.182.187.69
150,Cherey,Lapthorn,clapthorn45@sphinn.com,Female,130.103.180.104
151,Carine,Risman,crisman46@sciencedirect.com,Female,155.162.173.252
152,Ruben,Orpyne,rorpyne47@shinystat.com,Male,153.166.79.43
153,Yetta,Duffer,yduffer48@thetimes.co.uk,Female,244.190.214.216
154,Ingeborg,Ivanshintsev,iivanshintsev49@yale.edu,Female,234.250.157.255
155,Morey,Mayow,mmayow4a@indiegogo.com,Male,140.132.182.249
156,Feodora,Filson,ffilson4b@thetimes.co.uk,Female,51.37.75.245
157,Zak,Dogg,zdogg4c@go.com,Male,80.92.225.133
158,Ursola,Highnam,uhighnam4d@prnewswire.com,Female,26.113.141.232
159,Tammy,Kidstoun,tkidstoun4e@yellowbook.com,Female,49.4.89.134
160,Leonard,Ivanchin,livanchin4f@ustream.tv,Male,48.126.154.205
161,Lance,Ashburner,lashburner4g@alexa.com,Male,21.6.222.239
162,Lilyan,Hugnet,lhugnet4h@ifeng.com,Female,173.16.11.7
163,Minor,Ferrers,mferrers4i@bbb.org,Male,19.145.130.189
164,Cosette,Fullman,cfullman4j@yolasite.com,Female,120.215.193.199
165,Lotte,Montez,lmontez4k@liveinternet.ru,Female,28.63.219.164
166,Halley,Halahan,hhalahan4l@slideshare.net,Female,227.227.49.100
167,Rossy,Kardos,rkardos4m@elpais.com,Male,75.191.255.227
168,Timofei,Danielsky,tdanielsky4n@scribd.com,Male,1.150.152.147
169,Virgie,Lovitt,vlovitt4o@scribd.com,Female,142.185.111.87
170,Maurice,Kilvington,mkilvington4p@walmart.com,Male,38.118.146.250
171,Jessika,Litster,jlitster4q@123-reg.co.uk,Female,73.201.157.41
172,Korrie,McQuaid,kmcquaid4r@mit.edu,Female,6.121.6.90
173,Essa,Garralts,egarralts4s@msn.com,Female,11.153.218.192
174,Dorolice,Breed,dbreed4t@kickstarter.com,Female,71.132.252.214
175,Tana,Razoux,trazoux4u@virginia.edu,Female,126.249.16.67
176,Sophie,Hamner,shamner4v@ning.com,Female,245.186.111.246
177,Toni,Brandsen,tbrandsen4w@soup.io,Female,25.27.149.202
178,Bea,Well,bwell4x@jimdo.com,Female,191.110.47.251
179,Fielding,Dyball,fdyball4y@usa.gov,Male,59.118.191.137
180,Jud,Stuffins,jstuffins4z@kickstarter.com,Male,207.16.251.82
181,Alisander,Marchenko,amarchenko50@jigsy.com,Male,99.19.51.105
182,Harriott,Ipsley,hipsley51@yale.edu,Female,235.80.30.113
183,Elinor,Jenik,ejenik52@bing.com,Female,96.25.230.41
184,Marlin,Rable,mrable53@jimdo.com,Male,178.251.14.87
185,Kevon,Gavin,kgavin54@shutterfly.com,Male,57.203.131.227
186,Ulises,Teek,uteek55@independent.co.uk,Male,114.18.200.211
187,Elden,Nayshe,enayshe56@1und1.de,Male,109.107.142.132
188,Seumas,Yoxall,syoxall57@hugedomains.com,Male,165.27.23.246
189,Arabella,Janjic,ajanjic58@friendfeed.com,Female,225.65.115.97
190,Abbe,Hurdwell,ahurdwell59@hostgator.com,Male,219.136.174.19
191,Hartley,Clinning,hclinning5a@vkontakte.ru,Male,97.239.104.151
192,Albie,Puddephatt,apuddephatt5b@g.co,Male,193.92.8.19
193,Jandy,Wilce,jwilce5c@globo.com,Female,21.134.105.135
194,Creigh,Collin,ccollin5d@pcworld.com,Male,175.11.204.77
195,Rebekah,Rodder,rrodder5e@si.edu,Female,52.227.42.125
196,Elana,Sagg,esagg5f@ox.ac.uk,Female,142.69.212.102
197,Sibilla,Paeckmeyer,spaeckmeyer5g@ca.gov,Female,95.175.48.246
198,Tisha,Stutter,tstutter5h@blogger.com,Female,22.50.184.83
199,Harman,Cremer,hcremer5i@whitehouse.gov,Male,161.163.51.187
200,Candace,Reece,creece5j@princeton.edu,Female,5.106.113.120
201,Anastasia,Beamson,abeamson5k@elpais.com,Female,198.10.2.214
202,Nedi,Pleace,npleace5l@archive.org,Female,20.76.201.133
203,Benjy,Sammons,bsammons5m@pinterest.com,Male,50.93.12.33
204,Nerty,Hamlin,nhamlin5n@opera.com,Female,85.38.114.219
205,Drusie,Westby,dwestby5o@newyorker.com,Female,18.121.4.223
206,Yard,Palfrie,ypalfrie5p@forbes.com,Male,250.99.45.220
207,Cindelyn,Piggot,cpiggot5q@sfgate.com,Female,172.250.252.123
208,Sammy,Gullam,sgullam5r@nasa.gov,Female,192.97.108.44
209,Doll,Weall,dweall5s@mlb.com,Female,55.179.187.245
210,Eb,Thorneloe,ethorneloe5t@cdc.gov,Male,37.204.112.64
211,Gerhardine,Ailmer,gailmer5u@g.co,Female,230.163.75.50
212,Townsend,Quirke,tquirke5v@hibu.com,Male,1.191.126.8
213,Christalle,Drains,cdrains5w@imgur.com,Female,251.242.192.81
214,Sheffie,Cleal,scleal5x@census.gov,Male,20.129.175.107
215,Isabella,Lassey,ilassey5y@wordpress.com,Female,135.205.104.59
216,Elie,Marsden,emarsden5z@macromedia.com,Female,249.54.123.155
217,Lavinie,Rossander,lrossander60@oakley.com,Female,121.22.16.108
218,Sheila,Jillis,sjillis61@reference.com,Female,133.201.96.56
219,Vanessa,Birden,vbirden62@dyndns.org,Female,170.73.215.61
220,Brewster,Ellor,bellor63@engadget.com,Male,33.106.102.52
221,Josias,Seide,jseide64@samsung.com,Male,174.21.144.218
222,Dehlia,Pritty,dpritty65@i2i.jp,Female,213.60.42.168
223,Teodorico,Maggs,tmaggs66@virginia.edu,Male,153.203.173.111
224,Reggy,Kollach,rkollach67@ucsd.edu,Male,139.145.33.136
225,Gustie,Trollope,gtrollope68@godaddy.com,Female,75.34.47.220
226,Bonnibelle,Ambage,bambage69@last.fm,Female,235.241.204.199
227,Gannie,Poyzer,gpoyzer6a@japanpost.jp,Male,72.128.200.122
228,Cammie,Bottomley,cbottomley6b@cornell.edu,Female,31.203.111.111
229,Pat,Spain-Gower,pspaingower6c@eventbrite.com,Female,140.223.2.204
230,Jenni,Beernt,jbeernt6d@ebay.co.uk,Female,151.191.54.8
231,Roddy,Cookman,rcookman6e@ted.com,Male,29.142.65.186
232,Gregor,Hauck,ghauck6f@amazon.co.jp,Male,3.209.39.107
233,Adorne,Bolwell,abolwell6g@biglobe.ne.jp,Female,105.34.40.131
234,Derward,Gimenez,dgimenez6h@squarespace.com,Male,83.123.240.200
235,Garret,Surgen,gsurgen6i@behance.net,Male,196.165.75.200
236,Harv,Danilishin,hdanilishin6j@sciencedirect.com,Male,249.149.128.155
237,Daisi,Mantione,dmantione6k@barnesandnoble.com,Female,170.214.15.102
238,Alfred,Phillput,aphillput6l@webs.com,Male,168.33.255.22
239,Wayland,Leeming,wleeming6m@omniture.com,Male,76.191.38.193
240,Luca,Bowdidge,lbowdidge6n@biglobe.ne.jp,Male,58.56.55.146
241,Bartholomeus,Malamore,bmalamore6o@storify.com,Male,35.157.133.203
242,Benedick,Harraway,bharraway6p@dyndns.org,Male,28.95.1.199
243,Neal,Hincks,nhincks6q@google.com.hk,Male,209.209.89.84
244,Papagena,Zorro,pzorro6r@so-net.ne.jp,Female,191.64.36.198
245,Rosanne,Elwel,relwel6s@meetup.com,Female,78.240.249.4
246,Mitch,MacGebenay,mmacgebenay6t@ocn.ne.jp,Male,116.14.121.176
247,Christan,Menear,cmenear6u@auda.org.au,Female,247.155.38.181
248,Caryl,Burnall,cburnall6v@exblog.jp,Male,37.58.205.144
249,Lucky,Le Barre,llebarre6w@about.me,Female,107.137.233.132
250,Brnaba,Thomasen,bthomasen6x@timesonline.co.uk,Male,73.217.77.197
251,Salmon,Winley,swinley6y@disqus.com,Male,123.56.153.95
252,Averill,Layne,alayne6z@cnn.com,Male,124.184.136.202
253,Heather,Gartland,hgartland70@dropbox.com,Female,55.83.113.18
254,Charity,Dearnaley,cdearnaley71@storify.com,Female,204.68.80.180
255,Nesta,Shilling,nshilling72@hibu.com,Female,140.105.155.208
256,Domeniga,Durgan,ddurgan73@amazon.co.uk,Female,230.80.150.90
257,Noby,Devin,ndevin74@howstuffworks.com,Male,17.166.150.205
258,Issiah,MacSwayde,imacswayde75@umich.edu,Male,221.188.203.134
259,Anton,Goldman,agoldman76@forbes.com,Male,10.112.24.18
260,Tris,Arber,tarber77@fda.gov,Male,180.145.242.45
261,Simone,Yushankin,syushankin78@time.com,Male,19.94.170.195
262,Blondell,Thay,bthay79@domainmarket.com,Female,164.223.66.2
263,Bari,Geroldi,bgeroldi7a@linkedin.com,Female,74.239.150.84
264,Cymbre,Cashmore,ccashmore7b@dedecms.com,Female,100.25.115.119
265,Lisa,Gobel,lgobel7c@springer.com,Female,251.168.130.75
266,Lonnard,Morilla,lmorilla7d@last.fm,Male,143.5.83.57
267,Purcell,Le Blanc,pleblanc7e@smh.com.au,Male,40.199.65.242
268,Meghan,Tollet,mtollet7f@indiegogo.com,Female,212.250.68.126
269,Townsend,Serot,tserot7g@spotify.com,Male,197.190.240.164
270,Edythe,Marfell,emarfell7h@123-reg.co.uk,Female,87.59.77.183
271,George,Skurray,gskurray7i@ft.com,Male,118.181.9.53
272,Conant,Sattin,csattin7j@soundcloud.com,Male,20.46.200.52
273,Kristoffer,England,kengland7k@washington.edu,Male,209.125.69.150
274,Frederick,Bachs,fbachs7l@123-reg.co.uk,Male,142.1.160.165
275,Vincenz,Jellico,vjellico7m@dell.com,Male,133.227.33.123
276,Jard,Cottisford,jcottisford7n@house.gov,Male,70.94.188.122
277,Matti,Zanolli,mzanolli7o@sciencedaily.com,Female,188.177.186.33
278,Zack,Cantua,zcantua7p@prlog.org,Male,208.127.207.91
279,Jeanie,Cota,jcota7q@altervista.org,Female,180.144.64.4
280,Reine,McKnockiter,rmcknockiter7r@hatena.ne.jp,Female,243.59.246.112
281,Carlie,Dingle,cdingle7s@example.com,Male,95.129.125.101
282,Cornell,Terzo,cterzo7t@livejournal.com,Male,88.186.38.179
283,Sandy,Gyver,sgyver7u@unc.edu,Male,13.39.0.228
284,Hilary,Von Der Empten,hvonderempten7v@ustream.tv,Male,138.176.149.229
285,Libby,Medlicott,lmedlicott7w@apple.com,Female,170.189.144.58
286,Bren,Andrick,bandrick7x@go.com,Male,144.85.211.54
287,Frank,Brunnen,fbrunnen7y@e-recht24.de,Male,44.164.227.218
288,Chaddy,Sleite,csleite7z@constantcontact.com,Male,232.122.171.182
289,Heinrick,Gonoude,hgonoude80@amazonaws.com,Male,10.51.72.79
290,Piotr,Powlett,ppowlett81@behance.net,Male,79.9.191.220
291,Kinnie,Shapera,kshapera82@answers.com,Male,171.233.246.205
292,Finn,Ramble,framble83@gizmodo.com,Male,247.58.154.241
293,Letitia,Boutell,lboutell84@cnet.com,Female,26.92.100.25
294,Stesha,Grubbe,sgrubbe85@howstuffworks.com,Female,49.69.183.117
295,Joni,Brokenbrow,jbrokenbrow86@163.com,Female,87.229.105.25
296,Joe,Messer,jmesser87@geocities.com,Male,230.169.196.228
297,Melony,Garrish,mgarrish88@umich.edu,Female,212.4.237.175
298,Jone,Bugbird,jbugbird89@prlog.org,Male,254.51.118.120
299,Sigismondo,Sherred,ssherred8a@macromedia.com,Male,232.80.73.45
300,Dannie,Stannard,dstannard8b@boston.com,Female,6.224.153.149
301,Carmelina,Kippins,ckippins8c@fotki.com,Female,109.180.234.171
302,Zaneta,Ielden,zielden8d@gravatar.com,Female,126.222.110.57
303,Rozanne,Dysart,rdysart8e@slideshare.net,Female,172.3.249.232
304,Willi,Shedd,wshedd8f@house.gov,Female,96.15.244.129
305,Gae,Kalker,gkalker8g@aol.com,Female,6.223.230.88
306,Sullivan,Rodbourne,srodbourne8h@google.cn,Male,44.185.31.233
307,Daffy,Duding,dduding8i@miitbeian.gov.cn,Female,152.82.92.91
308,Pammie,Fearneley,pfearneley8j@state.gov,Female,87.22.100.25
309,Erhard,Fitch,efitch8k@lulu.com,Male,90.90.215.74
310,Tandy,Antonescu,tantonescu8l@opensource.org,Female,54.105.131.83
311,Kristofer,MacGill,kmacgill8m@list-manage.com,Male,83.195.201.226
312,Jesse,Duiged,jduiged8n@ask.com,Male,133.101.32.178
313,Bernardo,Ling,bling8o@devhub.com,Male,242.46.39.43
314,Mufi,Crudginton,mcrudginton8p@foxnews.com,Female,19.249.102.22
315,Donnell,Rainford,drainford8q@php.net,Male,26.5.227.53
316,Fredelia,Hovee,fhovee8r@businessweek.com,Female,203.138.195.150
317,Shanan,Spellard,sspellard8s@phpbb.com,Male,90.19.255.165
318,Maribelle,Laird-Craig,mlairdcraig8t@plala.or.jp,Female,189.250.239.182
319,Carmine,Fairs,cfairs8u@harvard.edu,Female,152.98.97.61
320,Berkley,Celand,bceland8v@telegraph.co.uk,Male,3.140.159.140
321,Christine,McLugish,cmclugish8w@cloudflare.com,Female,90.93.218.165
322,Sharia,Gallymore,sgallymore8x@census.gov,Female,59.18.190.251
323,Lyda,Stodart,lstodart8y@baidu.com,Female,140.57.126.198
324,Madeleine,Boyde,mboyde8z@ehow.com,Female,162.79.17.35
325,Joanna,Drewery,jdrewery90@google.de,Female,209.154.152.191
326,Normy,Myers,nmyers91@cafepress.com,Male,244.70.255.126
327,Catriona,Seth,cseth92@istockphoto.com,Female,45.215.20.68
328,Corney,Stuke,cstuke93@ted.com,Male,53.207.168.21
329,Anissa,Critch,acritch94@flavors.me,Female,61.32.158.74
330,Riobard,Saintsbury,rsaintsbury95@washingtonpost.com,Male,223.92.97.103
331,Northrup,Rabbatts,nrabbatts96@skyrock.com,Male,215.152.111.26
332,Audry,Stoddart,astoddart97@nymag.com,Female,192.17.251.27
333,Elvis,Doward,edoward98@odnoklassniki.ru,Male,64.9.193.143
334,Windy,Bottoner,wbottoner99@foxnews.com,Female,191.66.171.2
335,Gena,Kiddy,gkiddy9a@si.edu,Female,234.179.88.222
336,Shay,Lankester,slankester9b@home.pl,Male,159.11.233.197
337,Pepi,Pettegree,ppettegree9c@elegantthemes.com,Female,150.101.150.135
338,Aube,Laughnan,alaughnan9d@youtube.com,Male,39.207.180.154
339,Nelly,Bernli,nbernli9e@ow.ly,Female,124.26.165.107
340,Bernetta,Kearney,bkearney9f@free.fr,Female,179.48.248.240
341,Emory,Pirolini,epirolini9g@senate.gov,Male,238.15.246.179
342,Clareta,Hamprecht,champrecht9h@blogtalkradio.com,Female,98.246.38.192
343,Mia,Bescoby,mbescoby9i@businessinsider.com,Female,29.54.48.26
344,Carolynn,Tink,ctink9j@utexas.edu,Female,227.129.104.113
345,Trefor,Vasile,tvasile9k@sciencedaily.com,Male,1.224.173.40
346,Rozina,Whysall,rwhysall9l@soup.io,Female,114.166.34.94
347,Coralie,Beeze,cbeeze9m@google.ca,Female,133.116.59.249
348,Morris,Pitkaithly,mpitkaithly9n@pbs.org,Male,149.183.81.217
349,Averil,Danelutti,adanelutti9o@istockphoto.com,Male,226.147.40.212
350,Odetta,McCool,omccool9p@mozilla.com,Female,20.81.63.90
351,Clerc,Kew,ckew9q@4shared.com,Male,19.171.252.57
352,Maggie,Legg,mlegg9r@eepurl.com,Female,63.171.218.96
353,Westleigh,Wellbelove,wwellbelove9s@cdc.gov,Male,100.243.151.130
354,Letty,Aldren,laldren9t@myspace.com,Female,222.36.253.125
355,Rudolph,Adamczyk,radamczyk9u@bizjournals.com,Male,27.118.41.222
356,Lita,Hobbing,lhobbing9v@google.ru,Female,252.138.244.2
357,Tibold,Halhead,thalhead9w@chron.com,Male,137.96.164.38
358,Emily,Rosewall,erosewall9x@angelfire.com,Female,58.38.37.21
359,Kora,Laydel,klaydel9y@tinyurl.com,Female,215.66.201.140
360,Bancroft,Caselick,bcaselick9z@devhub.com,Male,209.14.84.178
361,Welsh,Duigenan,wduigenana0@moonfruit.com,Male,202.24.195.230
362,Clemmy,McKinstry,cmckinstrya1@yolasite.com,Male,248.47.230.252
363,Clem,Pilbeam,cpilbeama2@cloudflare.com,Male,209.148.212.222
364,Chaddie,Ledford,cledforda3@nature.com,Male,209.114.35.44
365,Dinnie,Hathwood,dhathwooda4@symantec.com,Female,42.164.28.24
366,Umeko,Marks,umarksa5@ebay.com,Female,78.37.28.124
367,Karlan,Whitehair,kwhitehaira6@usatoday.com,Male,45.98.60.49
368,Nappy,O'Shiel,noshiela7@thetimes.co.uk,Male,132.201.223.242
369,Ted,Tschierasche,ttschieraschea8@spotify.com,Female,109.212.81.2
370,Wit,Buddle,wbuddlea9@soundcloud.com,Male,186.162.13.146
371,Charlie,Pardey,cpardeyaa@usgs.gov,Male,67.44.71.21
372,Adelaida,Brydell,abrydellab@canalblog.com,Female,111.67.17.192
373,Bill,Klais,bklaisac@tinypic.com,Male,12.58.81.236
374,Cherilynn,Campo,ccampoad@craigslist.org,Female,164.149.109.15
375,Nicolette,Le Moucheux,nlemoucheuxae@deviantart.com,Female,195.106.19.136
376,Jerri,Rentcome,jrentcomeaf@tamu.edu,Male,48.197.179.78
377,Storm,Champneys,schampneysag@360.cn,Female,23.181.5.109
378,Gearalt,Toomer,gtoomerah@gmpg.org,Male,87.38.80.109
379,Kimberlyn,Berdale,kberdaleai@ustream.tv,Female,223.213.230.124
380,Baudoin,Lowry,blowryaj@unc.edu,Male,85.16.21.0
381,Tracee,Dutnell,tdutnellak@nba.com,Female,150.6.170.246
382,Drusilla,MacTrustram,dmactrustramal@skype.com,Female,158.32.184.228
383,Sharl,McCamish,smccamisham@cnet.com,Female,117.170.61.164
384,Morgen,McCarver,mmccarveran@mac.com,Male,209.111.137.76
385,Chandler,Loughton,cloughtonao@dailymotion.com,Male,241.218.130.103
386,Flint,Vanichev,fvanichevap@amazonaws.com,Male,36.39.147.232
387,Linda,Hegges,lheggesaq@last.fm,Female,134.173.221.67
388,Frans,Janway,fjanwayar@blog.com,Male,187.41.241.31
389,Winni,Sim,wsimas@51.la,Female,204.154.159.89
390,Ernesto,Kupec,ekupecat@patch.com,Male,128.27.222.4
391,Marven,Orrom,morromau@networkadvertising.org,Male,19.10.134.94
392,Wiatt,Dawes,wdawesav@independent.co.uk,Male,81.161.132.22
393,Feodora,Doucette,fdoucetteaw@homestead.com,Female,117.181.249.233
394,Gwenni,Keer,gkeerax@statcounter.com,Female,247.19.145.74
395,Paige,Clench,pclenchay@tripadvisor.com,Male,103.88.34.203
396,Hector,Skells,hskellsaz@joomla.org,Male,142.201.171.62
397,Lowe,Case,lcaseb0@elpais.com,Male,197.3.9.236
398,Curry,Lantaph,clantaphb1@mozilla.com,Male,233.232.213.228
399,Ana,Robertucci,arobertuccib2@baidu.com,Female,155.81.88.117
400,Rochette,Filon,rfilonb3@mit.edu,Female,113.214.69.83
401,Cory,Clerc,cclercb4@taobao.com,Female,95.25.196.19
402,Sabrina,Bahlmann,sbahlmannb5@spotify.com,Female,85.200.154.8
403,Kikelia,Leatherborrow,kleatherborrowb6@slashdot.org,Female,144.97.162.42
404,Renata,Marunchak,rmarunchakb7@booking.com,Female,138.250.28.29
405,Berni,MacElholm,bmacelholmb8@elegantthemes.com,Female,222.226.130.190
406,Kendra,Pedden,kpeddenb9@umich.edu,Female,71.179.119.159
407,Devland,Bosward,dboswardba@wufoo.com,Male,50.195.230.154
408,Dulce,Grunnill,dgrunnillbb@rakuten.co.jp,Female,42.144.34.184
409,Iolande,Buessen,ibuessenbc@umich.edu,Female,40.240.200.229
410,Hieronymus,Biaggi,hbiaggibd@yale.edu,Male,56.151.187.132
411,Putnam,Summerrell,psummerrellbe@tiny.cc,Male,126.66.135.23
412,Elnore,Lambart,elambartbf@statcounter.com,Female,188.197.34.98
413,Ced,Jain,cjainbg@nbcnews.com,Male,25.166.81.102
414,Darryl,Melonby,dmelonbybh@princeton.edu,Male,0.18.18.213
415,Hermon,Gostage,hgostagebi@youku.com,Male,143.139.63.28
416,Chery,Wasielewicz,cwasielewiczbj@telegraph.co.uk,Female,244.192.99.86
417,Duncan,Corrett,dcorrettbk@com.com,Male,116.33.101.230
418,Arlin,Prior,apriorbl@nhs.uk,Male,246.230.233.175
419,Alejandrina,Redgrave,aredgravebm@geocities.com,Female,53.172.115.237
420,Mattie,Nend,mnendbn@foxnews.com,Female,143.161.109.40
421,Jonell,D'Antuoni,jdantuonibo@csmonitor.com,Female,52.169.49.69
422,Laverne,Surgeon,lsurgeonbp@msu.edu,Female,244.39.29.27
423,Dorey,Sloy,dsloybq@a8.net,Female,124.240.158.97
424,Vale,Ivatts,vivattsbr@bluehost.com,Male,226.193.48.103
425,Guillema,Rey,greybs@buzzfeed.com,Female,96.231.230.21
426,Celka,Youings,cyouingsbt@virginia.edu,Female,177.202.27.1
427,Dyann,Nolda,dnoldabu@barnesandnoble.com,Female,56.205.193.11
428,Aeriell,Abbado,aabbadobv@rambler.ru,Female,42.46.157.245
429,Ines,Yvens,iyvensbw@yale.edu,Female,252.117.237.31
430,Erinna,Moff,emoffbx@live.com,Female,30.214.43.187
431,Emery,Kave,ekaveby@furl.net,Male,157.100.124.228
432,Edita,Collingdon,ecollingdonbz@google.ru,Female,162.70.47.223
433,Ethelbert,Curryer,ecurryerc0@dailymail.co.uk,Male,9.36.234.78
434,Donica,McCoughan,dmccoughanc1@dyndns.org,Female,3.254.236.134
435,Boote,Endley,bendleyc2@columbia.edu,Male,225.84.172.106
436,Linette,Egglestone,legglestonec3@umich.edu,Female,27.112.151.180
437,Chaddie,Siddle,csiddlec4@netlog.com,Male,194.53.102.216
438,Shannan,Banasiak,sbanasiakc5@bbc.co.uk,Male,191.36.107.151
439,Michele,Thresh,mthreshc6@freewebs.com,Male,207.13.53.18
440,Mireielle,Kermeen,mkermeenc7@fastcompany.com,Female,45.200.130.47
441,Cindie,Llewellin,cllewellinc8@google.com.br,Female,226.51.10.157
442,Chandler,Fryett,cfryettc9@t.co,Male,171.220.171.190
443,Micki,Risdale,mrisdaleca@reference.com,Female,56.154.200.64
444,Kelsey,Leworthy,kleworthycb@hao123.com,Male,180.183.78.6
445,Tybalt,Naulty,tnaultycc@jimdo.com,Male,178.239.108.72
446,Ronda,Iglesia,riglesiacd@godaddy.com,Female,29.121.18.144
447,Cirstoforo,Pickwell,cpickwellce@seesaa.net,Male,120.57.124.247
448,Blair,Skain,bskaincf@sohu.com,Female,136.211.16.25
449,Adan,Ladloe,aladloecg@mapy.cz,Male,180.112.144.108
450,Vachel,Grassot,vgrassotch@squidoo.com,Male,55.103.124.217
451,Kenna,Mulvin,kmulvinci@example.com,Female,192.237.86.190
452,Maisie,Winley,mwinleycj@ebay.com,Female,24.236.85.181
453,Claus,Gabriely,cgabrielyck@china.com.cn,Male,66.68.138.18
454,Kathye,Bergstram,kbergstramcl@weather.com,Female,85.33.99.194
455,Elysia,Liveley,eliveleycm@opera.com,Female,103.48.5.115
456,Lanna,Derham,lderhamcn@diigo.com,Female,199.148.94.166
457,Sonnie,Glashby,sglashbyco@redcross.org,Male,73.6.121.113
458,Sybyl,Ranking,srankingcp@adobe.com,Female,80.196.11.43
459,Christalle,Viollet,cviolletcq@google.pl,Female,42.141.82.18
460,Vick,Sabin,vsabincr@telegraph.co.uk,Male,100.166.227.204
461,Mel,Sollam,msollamcs@imdb.com,Male,255.39.50.225
462,Genny,Wagg,gwaggct@drupal.org,Female,99.12.20.26
463,Rudolf,Castagno,rcastagnocu@bigcartel.com,Male,18.105.57.210
464,Derk,Attow,dattowcv@1688.com,Male,82.240.237.205
465,Loraine,Sexty,lsextycw@issuu.com,Female,106.117.16.15
466,Joane,Pinkstone,jpinkstonecx@zdnet.com,Female,204.167.75.228
467,Panchito,O'Cooney,pocooneycy@cbsnews.com,Male,93.239.31.103
468,Moore,Alsobrook,malsobrookcz@blogs.com,Male,220.240.200.67
469,Julio,Polycote,jpolycoted0@xing.com,Male,73.230.105.13
470,Ashlee,Shannon,ashannond1@privacy.gov.au,Female,129.108.54.168
471,Nan,Minette,nminetted2@cnet.com,Female,112.106.234.40
472,Dionysus,Artharg,darthargd3@ebay.com,Male,176.99.138.6
473,Clerkclaude,Kleanthous,ckleanthousd4@google.ca,Male,26.20.195.25
474,Jorie,Munby,jmunbyd5@privacy.gov.au,Female,247.25.209.28
475,Coralyn,Bedberry,cbedberryd6@jugem.jp,Female,196.57.255.159
476,Susannah,Mardell,smardelld7@state.gov,Female,204.84.149.90
477,Arie,Perrot,aperrotd8@liveinternet.ru,Male,166.180.39.130
478,Thorn,Bortolomei,tbortolomeid9@pinterest.com,Male,22.195.109.180
479,Auroora,Baton,abatonda@ning.com,Female,39.215.88.173
480,Kerby,Spring,kspringdb@engadget.com,Male,45.63.95.8
481,Berkley,Dosdill,bdosdilldc@springer.com,Male,237.50.77.4
482,Feodora,Lomasna,flomasnadd@dell.com,Female,38.238.5.129
483,Mable,Revens,mrevensde@geocities.jp,Female,204.113.111.80
484,Bradly,Eberle,beberledf@sciencedaily.com,Male,2.35.199.67
485,Britney,Jarrel,bjarreldg@ustream.tv,Female,179.163.241.67
486,Gavra,Donovan,gdonovandh@edublogs.org,Female,234.17.200.27
487,Rich,Feldfisher,rfeldfisherdi@flickr.com,Male,28.197.25.101
488,Nerte,Fraczak,nfraczakdj@canalblog.com,Female,205.140.156.130
489,Nomi,Tollfree,ntollfreedk@phpbb.com,Female,44.196.47.58
490,Jennee,MacCosto,jmaccostodl@friendfeed.com,Female,88.45.198.226
491,Marylin,Van Merwe,mvanmerwedm@hp.com,Female,206.21.94.60
492,Meredeth,Tedman,mtedmandn@purevolume.com,Male,245.144.39.229
493,Sela,Kissick,skissickdo@mail.ru,Female,218.226.141.9
494,Anatola,Follit,afollitdp@usatoday.com,Female,236.146.177.227
495,Doralyn,Yarrell,dyarrelldq@wordpress.org,Female,199.236.215.109
496,Carlotta,Burchell,cburchelldr@mlb.com,Female,41.172.96.172
497,Wadsworth,Piel,wpields@issuu.com,Male,132.159.137.209
498,Morey,Inston,minstondt@delicious.com,Male,113.161.206.138
499,Mikel,Sandcraft,msandcraftdu@bloomberg.com,Male,117.142.111.7
500,Page,Claringbold,pclaringbolddv@hugedomains.com,Female,237.92.71.218
501,Cathe,Gavrielly,cgavriellydw@noaa.gov,Female,167.5.108.73
502,Paula,Briand,pbrianddx@jimdo.com,Female,141.163.40.57
503,Chickie,Duro,cdurody@technorati.com,Female,229.136.249.105
504,Elwood,Byng,ebyngdz@acquirethisname.com,Male,140.25.193.119
505,Zollie,Arrigucci,zarriguccie0@google.pl,Male,180.147.61.108
506,Bradly,McKnockiter,bmcknockitere1@discuz.net,Male,241.188.87.99
507,Kingston,Dummer,kdummere2@digg.com,Male,24.107.67.87
508,Vanessa,Philippou,vphilippoue3@census.gov,Female,234.94.232.98
509,Happy,Hullah,hhullahe4@tuttocitta.it,Female,65.104.253.253
510,Archaimbaud,Godain,agodaine5@ycombinator.com,Male,75.218.48.47
511,Charlotta,Aldcorne,caldcornee6@techcrunch.com,Female,24.229.237.94
512,Weston,Liebmann,wliebmanne7@time.com,Male,38.161.203.34
513,Polly,Jude,pjudee8@google.pl,Female,198.14.215.28
514,Pate,Bruinemann,pbruinemanne9@un.org,Male,155.90.239.22
515,Jacqueline,Antonat,jantonatea@auda.org.au,Female,41.195.136.173
516,Audrye,Feehily,afeehilyeb@reference.com,Female,146.251.70.178
517,Malinde,Murden,mmurdenec@disqus.com,Female,99.188.220.126
518,Garrick,Berceros,gbercerosed@gnu.org,Male,209.130.230.168
519,Florence,Butterwick,fbutterwickee@odnoklassniki.ru,Female,90.64.170.27
520,Madge,Mulholland,mmulhollandef@craigslist.org,Female,217.63.239.109
521,Shermie,Lago,slagoeg@pen.io,Male,169.92.171.46
522,Lorin,Fitchew,lfitcheweh@prlog.org,Male,74.121.149.131
523,Cayla,Donald,cdonaldei@blogtalkradio.com,Female,10.112.237.155
524,Rodolph,Weben,rwebenej@cnet.com,Male,211.78.101.241
525,Cari,Manuele,cmanueleek@businessinsider.com,Female,241.35.125.40
526,Danika,Birt,dbirtel@uiuc.edu,Female,235.148.79.128
527,Therine,Lambdin,tlambdinem@prweb.com,Female,14.119.210.40
528,Arnaldo,Archanbault,aarchanbaulten@army.mil,Male,199.147.244.134
529,Ainsley,Prescot,aprescoteo@admin.ch,Female,153.193.246.59
530,Kati,Nattrass,knattrassep@ucoz.ru,Female,127.102.65.27
531,Brion,Baraja,bbarajaeq@diigo.com,Male,174.84.131.211
532,Redd,Etherson,rethersoner@behance.net,Male,184.99.38.243
533,Garrot,Broadwell,gbroadwelles@jigsy.com,Male,19.159.66.213
534,Chen,Dugall,cdugallet@dedecms.com,Male,209.29.75.13
535,Wilie,Jeskins,wjeskinseu@php.net,Female,75.78.105.120
536,Nikolos,Cesaric,ncesaricev@about.com,Male,20.50.228.47
537,Dorian,Yo,dyoew@taobao.com,Male,184.254.195.138
538,Lucinda,Chasteau,lchasteauex@seesaa.net,Female,14.185.201.254
539,Rodolphe,Pehrsson,rpehrssoney@spiegel.de,Male,38.136.112.215
540,Darcee,Stodart,dstodartez@wikia.com,Female,40.89.101.77
541,Beck,Pointing,bpointingf0@linkedin.com,Male,177.18.135.120
542,Bondy,Desvignes,bdesvignesf1@aol.com,Male,63.235.252.214
543,Prudi,Lartice,plarticef2@virginia.edu,Female,178.226.218.37
544,Kalil,Columbine,kcolumbinef3@state.gov,Male,57.190.77.115
545,Klarrisa,Knewstub,kknewstubf4@ucsd.edu,Female,51.213.77.32
546,Johny,Havelin,jhavelinf5@umn.edu,Male,41.206.69.7
547,Susannah,Blakemore,sblakemoref6@indiegogo.com,Female,30.55.75.156
548,Corilla,Levesque,clevesquef7@networksolutions.com,Female,106.87.71.139
549,Gasper,Grayham,ggrayhamf8@youtu.be,Male,27.158.192.153
550,Roselia,Sherrett,rsherrettf9@creativecommons.org,Female,219.255.181.153
551,Orazio,Brason,obrasonfa@aol.com,Male,216.35.234.212
552,Benjy,Will,bwillfb@ocn.ne.jp,Male,220.242.216.189
553,Drud,Francklin,dfrancklinfc@weibo.com,Male,205.108.75.227
554,Daniel,Navarre,dnavarrefd@nifty.com,Male,65.65.144.206
555,Manfred,Margiotta,mmargiottafe@dell.com,Male,89.43.223.191
556,Aldridge,Webborn,awebbornff@mediafire.com,Male,241.231.4.218
557,Rosabella,Dobrowlski,rdobrowlskifg@4shared.com,Female,144.91.28.21
558,Nathan,Dalgleish,ndalgleishfh@smugmug.com,Male,64.91.4.232
559,Andi,Eubank,aeubankfi@arizona.edu,Female,79.54.93.7
560,Coralyn,Gland,cglandfj@wordpress.com,Female,150.223.106.38
561,Gherardo,Jerratsch,gjerratschfk@xinhuanet.com,Male,156.180.254.71
562,Aarika,Ivanilov,aivanilovfl@youku.com,Female,165.86.40.221
563,Marlowe,Gehrels,mgehrelsfm@opensource.org,Male,168.103.151.146
564,Duane,Patient,dpatientfn@accuweather.com,Male,246.205.27.52
565,Kipp,Henriksson,khenrikssonfo@umn.edu,Male,125.184.205.84
566,Johnnie,Brooksbie,jbrooksbiefp@ocn.ne.jp,Male,98.46.166.82
567,Lyndsie,Tabbitt,ltabbittfq@dailymotion.com,Female,68.197.96.68
568,Hermia,Soppeth,hsoppethfr@friendfeed.com,Female,189.139.89.98
569,Hirsch,Ettritch,hettritchfs@wix.com,Male,222.77.45.196
570,Thomasina,Edmott,tedmottft@studiopress.com,Female,87.149.108.231
571,Calli,Twigg,ctwiggfu@gizmodo.com,Female,243.12.15.117
572,Nye,Crossland,ncrosslandfv@rakuten.co.jp,Male,181.67.76.165
573,Nanny,Yearn,nyearnfw@theguardian.com,Female,209.100.3.111
574,Eduardo,Tithacott,etithacottfx@dot.gov,Male,191.142.241.144
575,Brana,Panchen,bpanchenfy@macromedia.com,Female,184.81.155.112
576,Aldridge,Cubitt,acubittfz@harvard.edu,Male,249.166.46.105
577,Ewan,O'Dowling,eodowlingg0@oracle.com,Male,36.223.127.64
578,Sheri,Clemenzi,sclemenzig1@ocn.ne.jp,Female,192.8.48.39
579,Elena,Lambourne,elambourneg2@amazon.co.jp,Female,145.41.96.158
580,Brinn,Spier,bspierg3@businessinsider.com,Female,112.12.238.20
581,Davina,Greeson,dgreesong4@zdnet.com,Female,60.20.119.45
582,Meade,Danes,mdanesg5@redcross.org,Male,148.112.230.164
583,Sherlock,Scholard,sscholardg6@biglobe.ne.jp,Male,75.169.138.203
584,Emmi,Chander,echanderg7@sphinn.com,Female,38.196.209.188
585,Winne,Cardinal,wcardinalg8@ameblo.jp,Female,140.57.225.224
586,Nissa,Cicutto,ncicuttog9@cyberchimps.com,Female,78.141.56.253
587,Deonne,McNaughton,dmcnaughtonga@rambler.ru,Female,40.116.143.9
588,Kane,Scarth,kscarthgb@mashable.com,Male,112.43.230.113
589,Ula,Leopold,uleopoldgc@jigsy.com,Female,16.232.137.231
590,Eran,Gianulli,egianulligd@stanford.edu,Female,220.189.75.224
591,Yasmeen,Tommaseo,ytommaseoge@creativecommons.org,Female,123.232.38.33
592,Zebedee,D'Ruel,zdruelgf@gnu.org,Male,55.136.122.39
593,Briano,Drioli,bdrioligg@canalblog.com,Male,161.61.153.186
594,Annabelle,Revie,areviegh@over-blog.com,Female,58.55.254.193
595,Reade,Grafton-Herbert,rgraftonherbertgi@purevolume.com,Male,11.70.81.14
596,Harley,Dougherty,hdoughertygj@redcross.org,Male,221.188.213.53
597,Bevan,O'Scannill,boscannillgk@businesswire.com,Male,30.97.13.94
598,Lambert,Magwood,lmagwoodgl@1688.com,Male,106.201.73.64
599,Freida,Scannell,fscannellgm@businessweek.com,Female,245.87.186.172
600,Dwight,Panswick,dpanswickgn@cocolog-nifty.com,Male,159.160.105.236
601,Angelia,Punch,apunchgo@naver.com,Female,83.247.98.213
602,Dottie,Cheson,dchesongp@webmd.com,Female,205.74.113.134
603,Eugenio,Mc Curlye,emccurlyegq@theguardian.com,Male,23.183.216.214
604,Ronald,Cowle,rcowlegr@jiathis.com,Male,175.143.175.131
605,Parker,Ninnis,pninnisgs@jugem.jp,Male,188.225.184.131
606,Jeanine,Girodias,jgirodiasgt@apple.com,Female,179.127.227.194
607,Florenza,Hamelyn,fhamelyngu@tumblr.com,Female,196.66.93.211
608,Raphaela,Antoniades,rantoniadesgv@theglobeandmail.com,Female,141.222.236.169
609,Desiri,Barukh,dbarukhgw@state.gov,Female,56.98.3.230
610,Kelsey,Severwright,kseverwrightgx@about.me,Female,121.91.45.13
611,Tiebold,Dillicate,tdillicategy@shareasale.com,Male,26.67.196.206
612,Kalindi,Grieg,kgrieggz@people.com.cn,Female,90.220.182.153
613,Thorsten,Sketcher,tsketcherh0@webnode.com,Male,24.18.102.184
614,Carlie,Kinig,ckinigh1@blogtalkradio.com,Female,108.69.131.144
615,Joice,Jaskowicz,jjaskowiczh2@loc.gov,Female,99.172.223.15
616,Staford,Laird-Craig,slairdcraigh3@wordpress.org,Male,90.183.243.166
617,Vanny,Boller,vbollerh4@exblog.jp,Female,234.120.129.180
618,Chris,Capaldo,ccapaldoh5@blogs.com,Male,221.231.8.79
619,Brett,Zamudio,bzamudioh6@scribd.com,Male,235.223.45.91
620,Anestassia,Bradden,abraddenh7@angelfire.com,Female,175.138.97.72
621,Joseph,Izaac,jizaach8@acquirethisname.com,Male,54.208.5.255
622,Rowe,Neilus,rneilush9@usa.gov,Female,235.151.139.252
623,Delainey,Showell,dshowellha@tinyurl.com,Male,236.153.69.157
624,Jillana,Bridgeman,jbridgemanhb@unc.edu,Female,125.172.148.189
625,Gibby,Fenimore,gfenimorehc@posterous.com,Male,100.232.69.168
626,Roderic,Sinfield,rsinfieldhd@arizona.edu,Male,59.232.79.170
627,Lind,Ponting,lpontinghe@rambler.ru,Female,20.189.121.99
628,Bradford,Dudman,bdudmanhf@sciencedaily.com,Male,70.190.14.93
629,Don,Goodinson,dgoodinsonhg@washingtonpost.com,Male,43.244.214.98
630,Emalia,Fisby,efisbyhh@jalbum.net,Female,134.237.46.66
631,Millicent,Paullin,mpaullinhi@npr.org,Female,219.254.88.13
632,Carol,O'Scollee,coscolleehj@accuweather.com,Female,201.39.15.246
633,Neel,McGonigle,nmcgoniglehk@tiny.cc,Male,110.57.168.9
634,Gianni,Macon,gmaconhl@wikia.com,Male,72.196.205.181
635,Jayne,Purches,jpurcheshm@usnews.com,Female,118.54.92.32
636,Inger,Cannicott,icannicotthn@narod.ru,Female,57.122.70.128
637,Smitty,Wharf,swharfho@google.com.br,Male,2.144.108.218
638,Matthias,Tarver,mtarverhp@facebook.com,Male,57.9.152.80
639,Roxie,Desbrow,rdesbrowhq@clickbank.net,Female,249.184.75.9
640,Peggi,Human,phumanhr@google.cn,Female,252.241.66.177
641,Sydney,Tarling,starlinghs@dmoz.org,Female,87.52.13.99
642,Pepita,Keely,pkeelyht@biglobe.ne.jp,Female,53.87.217.224
643,Codi,Cutting,ccuttinghu@patch.com,Female,68.89.12.187
644,Teresita,Le Maitre,tlemaitrehv@squarespace.com,Female,204.188.109.211
645,Tallou,Lavell,tlavellhw@barnesandnoble.com,Female,251.2.152.82
646,Mendel,Roocroft,mroocrofthx@aol.com,Male,88.206.162.75
647,Farlee,Doblin,fdoblinhy@hp.com,Male,188.67.20.225
648,Hewet,Dalgetty,hdalgettyhz@list-manage.com,Male,228.246.47.63
649,Joan,Saben,jsabeni0@google.ca,Female,188.169.249.87
650,Ealasaid,Jefferys,ejefferysi1@mit.edu,Female,240.92.38.125
651,Clywd,Browett,cbrowetti2@plala.or.jp,Male,52.14.66.214
652,Chantal,Baillie,cbailliei3@scribd.com,Female,105.60.229.204
653,Abelard,Smaleman,asmalemani4@jalbum.net,Male,68.146.127.194
654,Toby,Balderstone,tbalderstonei5@telegraph.co.uk,Male,43.97.155.167
655,Pietrek,Casterot,pcasteroti6@aboutads.info,Male,101.239.248.59
656,Ray,Rawstorne,rrawstornei7@europa.eu,Female,113.254.205.10
657,Corinne,Scanlon,cscanloni8@npr.org,Female,56.157.212.210
658,Dorena,Cardenas,dcardenasi9@amazon.com,Female,60.71.254.157
659,Nicko,Noweak,nnoweakia@virginia.edu,Male,57.203.100.34
660,Brendan,Quimby,bquimbyib@ftc.gov,Male,74.80.60.171
661,Yancey,Barnes,ybarnesic@elegantthemes.com,Male,50.17.113.71
662,Janet,Couve,jcouveid@lulu.com,Female,59.9.237.214
663,Wain,Crowley,wcrowleyie@hc360.com,Male,96.47.66.231
664,Derek,Holywell,dholywellif@usgs.gov,Male,130.245.224.200
665,Shalne,Ilott,silottig@hibu.com,Female,103.145.221.227
666,Humbert,Gullivan,hgullivanih@ovh.net,Male,43.245.13.100
667,Lurlene,Swidenbank,lswidenbankii@weebly.com,Female,139.249.247.63
668,Dwight,Chessil,dchessilij@nbcnews.com,Male,123.221.11.51
669,Eimile,Shippard,eshippardik@fastcompany.com,Female,198.75.235.119
670,Antoine,Glyssanne,aglyssanneil@quantcast.com,Male,59.77.105.71
671,Tamma,Wetherald,twetheraldim@globo.com,Female,178.121.50.116
672,Cynthy,Becom,cbecomin@wisc.edu,Female,158.217.73.103
673,Donnamarie,Vondrach,dvondrachio@goo.gl,Female,191.23.89.13
674,Verna,Cochran,vcochranip@multiply.com,Female,162.81.103.46
675,Xylia,Lissenden,xlissendeniq@theatlantic.com,Female,76.0.75.117
676,Charlot,Vosse,cvosseir@sciencedirect.com,Female,228.241.40.49
677,Jesse,Cuolahan,jcuolahanis@craigslist.org,Male,73.253.76.142
678,Marthena,Pedlar,mpedlarit@shinystat.com,Female,77.25.196.36
679,Lani,Caville,lcavilleiu@deviantart.com,Female,126.67.146.86
680,Bridget,Ragate,bragateiv@indiegogo.com,Female,107.127.115.95
681,Dill,Lambot,dlambotiw@addthis.com,Male,88.208.103.197
682,Vivian,Woodyear,vwoodyearix@census.gov,Female,94.151.103.231
683,Tabbie,Cana,tcanaiy@simplemachines.org,Male,149.39.194.174
684,Dominick,Brimelow,dbrimelowiz@digg.com,Male,109.35.234.54
685,Ilse,Bartalin,ibartalinj0@stanford.edu,Female,193.140.165.57
686,Nobie,Farlambe,nfarlambej1@surveymonkey.com,Male,94.126.18.53
687,Haven,Harpham,hharphamj2@infoseek.co.jp,Male,66.115.58.137
688,Dosi,Stoyle,dstoylej3@jiathis.com,Female,219.78.50.50
689,Feliks,McLae,fmclaej4@bing.com,Male,31.197.4.228
690,Phedra,Dominelli,pdominellij5@eepurl.com,Female,123.206.204.85
691,Zahara,Landis,zlandisj6@people.com.cn,Female,2.176.12.57
692,Hershel,Extence,hextencej7@virginia.edu,Male,216.121.214.44
693,Galina,Shervil,gshervilj8@edublogs.org,Female,127.118.137.225
694,Timotheus,Vivyan,tvivyanj9@whitehouse.gov,Male,82.127.148.7
695,Renaud,Woolfoot,rwoolfootja@oracle.com,Male,231.57.164.110
696,Ericha,Thorne,ethornejb@shutterfly.com,Female,47.248.30.202
697,Alyss,Mullaney,amullaneyjc@plala.or.jp,Female,246.52.254.6
698,Alwin,Bowcock,abowcockjd@angelfire.com,Male,85.234.28.118
699,Odey,Andren,oandrenje@mac.com,Male,73.171.228.242
700,Grete,Leroy,gleroyjf@wix.com,Female,72.156.121.8
701,Dawna,Sawney,dsawneyjg@bloglines.com,Female,145.175.130.7
702,Lowe,Safhill,lsafhilljh@chron.com,Male,135.201.180.142
703,Pen,Cowup,pcowupji@bloglovin.com,Male,172.107.226.224
704,Brody,Flintuff,bflintuffjj@yahoo.com,Male,66.93.78.150
705,Kacie,Eaklee,keakleejk@google.it,Female,52.108.159.237
706,Ulrika,Hilbourne,uhilbournejl@alexa.com,Female,168.19.118.105
707,Zarah,Lemary,zlemaryjm@cocolog-nifty.com,Female,24.125.26.42
708,Glenden,Spino,gspinojn@sbwire.com,Male,135.109.221.23
709,Glennie,Scholefield,gscholefieldjo@china.com.cn,Female,18.155.192.135
710,Adoree,Getty,agettyjp@cdc.gov,Female,12.45.168.153
711,Brooks,Dowding,bdowdingjq@chron.com,Male,253.91.223.5
712,Reg,Brayshay,rbrayshayjr@auda.org.au,Male,51.210.223.112
713,Thorny,Damp,tdampjs@home.pl,Male,113.119.177.238
714,Godfree,Dimitru,gdimitrujt@businessinsider.com,Male,21.72.114.13
715,Hinda,Keam,hkeamju@dailymotion.com,Female,124.212.97.68
716,Ole,Nudds,onuddsjv@gmpg.org,Male,129.221.200.205
717,Hieronymus,Baribal,hbaribaljw@berkeley.edu,Male,112.252.55.62
718,Lesley,Leedes,lleedesjx@umn.edu,Female,33.42.56.66
719,Bobbie,Barthrup,bbarthrupjy@barnesandnoble.com,Female,224.247.239.6
720,Maurie,Agostini,magostinijz@vk.com,Male,162.105.217.133
721,Osborne,Pitman,opitmank0@php.net,Male,7.49.28.9
722,Brade,Maybury,bmayburyk1@stumbleupon.com,Male,33.49.125.236
723,Agnes,Skupinski,askupinskik2@miibeian.gov.cn,Female,5.113.154.20
724,Kim,Mounce,kmouncek3@t.co,Male,75.8.167.203
725,Carce,Dunrige,cdunrigek4@instagram.com,Male,252.101.175.191
726,Cullie,Guillot,cguillotk5@cpanel.net,Male,198.217.181.33
727,Alis,Godber,agodberk6@hud.gov,Female,214.254.24.103
728,Petra,Lindberg,plindbergk7@gmpg.org,Female,132.233.72.156
729,Cristina,Poulston,cpoulstonk8@boston.com,Female,16.89.92.38
730,Angelina,Line,alinek9@technorati.com,Female,125.250.24.115
731,Bar,Badder,bbadderka@hatena.ne.jp,Male,30.3.133.60
732,Francisca,Lambdean,flambdeankb@mysql.com,Female,177.72.39.223
733,Clare,Alfonzo,calfonzokc@virginia.edu,Male,18.139.78.248
734,Taryn,Dono,tdonokd@reddit.com,Female,86.38.159.181
735,Radcliffe,Goede,rgoedeke@wired.com,Male,206.36.227.48
736,Gilbertina,Woodard,gwoodardkf@foxnews.com,Female,93.53.118.98
737,Mora,Elvish,melvishkg@nbcnews.com,Female,64.78.78.82
738,Pat,Glassup,pglassupkh@cmu.edu,Male,62.218.104.57
739,Enrico,Leebeter,eleebeterki@jalbum.net,Male,64.121.70.92
740,Colleen,Raymond,craymondkj@usatoday.com,Female,12.6.135.223
741,Briney,Parish,bparishkk@wix.com,Female,226.78.45.165
742,Elaina,Ertel,eertelkl@biblegateway.com,Female,119.235.67.71
743,Chloris,Mallabund,cmallabundkm@squidoo.com,Female,185.208.9.188
744,Claiborne,Muffin,cmuffinkn@icio.us,Male,93.198.82.65
745,Rosabella,Godney,rgodneyko@baidu.com,Female,138.136.87.24
746,Karolina,Rising,krisingkp@ihg.com,Female,39.23.128.88
747,Freedman,Serchwell,fserchwellkq@51.la,Male,94.157.173.228
748,Kari,Pendrill,kpendrillkr@booking.com,Female,146.157.127.168
749,Hamid,Vasechkin,hvasechkinks@etsy.com,Male,89.225.173.159
750,Carline,Grinikhin,cgrinikhinkt@list-manage.com,Female,204.204.106.102
751,Shirl,Shilton,sshiltonku@imdb.com,Female,251.44.115.230
752,Ransom,Ollander,rollanderkv@mtv.com,Male,176.220.252.238
753,Rainer,Lowmass,rlowmasskw@samsung.com,Male,222.67.93.55
754,Starlin,Conyer,sconyerkx@seattletimes.com,Female,93.130.29.38
755,Ellary,Gawkroge,egawkrogeky@columbia.edu,Male,83.165.120.230
756,Mendy,Kilby,mkilbykz@macromedia.com,Male,67.43.67.184
757,Mora,Mattea,mmatteal0@sfgate.com,Female,150.112.237.221
758,Pieter,Doxey,pdoxeyl1@skype.com,Male,159.23.228.212
759,Odilia,Frary,ofraryl2@tumblr.com,Female,126.121.140.220
760,Allene,Cleveley,acleveleyl3@ft.com,Female,181.117.245.127
761,Bogey,Allport,ballportl4@vk.com,Male,146.50.39.180
762,Garek,Jameson,gjamesonl5@biblegateway.com,Male,245.17.14.15
763,Abbott,Neasham,aneashaml6@forbes.com,Male,183.165.235.25
764,Mellisa,Kun,mkunl7@yellowpages.com,Female,245.49.181.132
765,Armando,Humpage,ahumpagel8@devhub.com,Male,165.17.43.224
766,Ulrica,Morecomb,umorecombl9@ucoz.ru,Female,169.1.219.62
767,Fawn,Andre,fandrela@diigo.com,Female,199.172.9.201
768,Thaine,Costen,tcostenlb@harvard.edu,Male,190.106.255.159
769,Tybalt,Sparling,tsparlinglc@livejournal.com,Male,211.198.137.69
770,Zora,Furlong,zfurlongld@twitter.com,Female,184.75.178.52
771,Estel,Juorio,ejuoriole@nba.com,Female,212.144.223.87
772,Channa,Pobjay,cpobjaylf@marketwatch.com,Female,29.67.177.175
773,Sanderson,Ife,sifelg@yolasite.com,Male,241.109.98.112
774,Lennie,Kivelle,lkivellelh@salon.com,Male,235.138.170.213
775,Ediva,Loukes,eloukesli@patch.com,Female,204.46.249.151
776,Dede,Rowlson,drowlsonlj@odnoklassniki.ru,Female,84.23.243.217
777,Monte,Tremayne,mtremaynelk@chronoengine.com,Male,148.131.250.45
778,Wilmer,Barratt,wbarrattll@macromedia.com,Male,89.157.26.173
779,Cristi,Bunney,cbunneylm@live.com,Female,17.39.139.159
780,Thelma,Victor,tvictorln@ustream.tv,Female,205.219.159.100
781,Dorey,Ingley,dingleylo@ucoz.ru,Female,90.28.18.223
782,Tristam,Legges,tleggeslp@squidoo.com,Male,37.40.93.167
783,Kathrine,Skeats,kskeatslq@163.com,Female,158.124.160.113
784,Burnard,Horbath,bhorbathlr@ox.ac.uk,Male,252.27.185.193
785,Adelaide,Hocking,ahockingls@auda.org.au,Female,58.45.108.131
786,Cary,Pakes,cpakeslt@hibu.com,Female,21.89.110.248
787,Rriocard,Rosberg,rrosberglu@netlog.com,Male,205.22.195.244
788,Jenine,Juares,jjuareslv@ucsd.edu,Female,122.56.40.59
789,Christoph,Cropton,ccroptonlw@a8.net,Male,3.207.7.226
790,Milt,Northey,mnortheylx@hexun.com,Male,133.21.41.147
791,Pryce,Standering,pstanderingly@yelp.com,Male,96.161.35.87
792,Veronika,Skechley,vskechleylz@epa.gov,Female,63.61.103.101
793,Cristin,Wrightson,cwrightsonm0@adobe.com,Female,184.214.22.11
794,Lesley,Burke,lburkem1@github.io,Female,162.208.234.178
795,Ignaz,Tooley,itooleym2@yahoo.com,Male,176.200.140.71
796,Gretna,Nare,gnarem3@ehow.com,Female,18.201.205.130
797,Griffin,Strugnell,gstrugnellm4@storify.com,Male,47.216.9.163
798,Joaquin,Cawson,jcawsonm5@cnet.com,Male,129.7.106.133
799,Dianne,Melloy,dmelloym6@google.nl,Female,79.1.167.200
800,Waring,Goldes,wgoldesm7@google.it,Male,36.225.85.3
801,Rikki,Hinrichsen,rhinrichsenm8@squidoo.com,Male,164.10.182.200
802,Dorella,Gilhespy,dgilhespym9@goodreads.com,Female,124.28.92.236
803,Piper,Perillio,pperillioma@wordpress.org,Female,217.249.211.118
804,Marris,Sebrens,msebrensmb@google.es,Female,104.77.68.187
805,Valentina,Verbeek,vverbeekmc@cmu.edu,Female,34.184.19.49
806,Bruno,Marwick,bmarwickmd@sohu.com,Male,130.55.224.72
807,Lottie,Blakeman,lblakemanme@illinois.edu,Female,134.241.141.117
808,Vivyanne,Kaufman,vkaufmanmf@usatoday.com,Female,96.119.52.155
809,Eileen,Bortoloni,ebortolonimg@auda.org.au,Female,234.246.88.105
810,Abbi,Benettini,abenettinimh@bloomberg.com,Female,135.213.118.7
811,Luther,Pheasant,lpheasantmi@google.ru,Male,116.201.60.163
812,Ambur,Rummins,arumminsmj@auda.org.au,Female,67.117.55.11
813,Feodora,Gummory,fgummorymk@paginegialle.it,Female,64.223.27.77
814,Lian,Skalls,lskallsml@usgs.gov,Female,121.142.204.83
815,Baryram,Oneile,boneilemm@mashable.com,Male,72.16.167.244
816,Fielding,Heintz,fheintzmn@youku.com,Male,12.247.163.166
817,Shandie,MacIllrick,smacillrickmo@so-net.ne.jp,Female,182.81.229.154
818,Dominik,Ben,dbenmp@prweb.com,Male,108.249.70.216
819,Irwin,Hovel,ihovelmq@columbia.edu,Male,58.230.135.238
820,Jessi,Cadigan,jcadiganmr@ca.gov,Female,17.142.57.115
821,Clive,Plews,cplewsms@icq.com,Male,162.159.193.62
822,Paulette,Christley,pchristleymt@posterous.com,Female,72.177.22.134
823,Judon,Scinelli,jscinellimu@4shared.com,Male,200.34.96.134
824,Sapphira,Imrie,simriemv@illinois.edu,Female,50.23.39.216
825,Dermot,Beiderbeck,dbeiderbeckmw@51.la,Male,234.151.11.221
826,Alessandro,Faucett,afaucettmx@china.com.cn,Male,72.116.36.221
827,Boy,Gawkes,bgawkesmy@ucla.edu,Male,9.96.243.130
828,Roddy,Mishow,rmishowmz@uiuc.edu,Male,87.223.11.138
829,Waylen,Dixon,wdixonn0@twitter.com,Male,72.252.119.232
830,Blair,Bassham,bbasshamn1@google.com.br,Male,176.92.62.112
831,Marcella,Caudray,mcaudrayn2@sourceforge.net,Female,143.8.73.68
832,Purcell,Reddihough,preddihoughn3@wp.com,Male,137.249.14.203
833,Sabrina,Brody,sbrodyn4@google.nl,Female,32.8.56.92
834,Jaymie,Cathel,jcatheln5@arstechnica.com,Male,93.196.154.162
835,Lancelot,Abbess,labbessn6@printfriendly.com,Male,25.117.26.49
836,Georgine,Boswood,gboswoodn7@salon.com,Female,108.89.60.4
837,Farrell,Kretschmer,fkretschmern8@g.co,Male,138.237.25.228
838,Novelia,Oene,noenen9@unesco.org,Female,135.213.143.207
839,Marten,Lemmertz,mlemmertzna@yelp.com,Male,115.7.0.58
840,Kasey,O' Liddy,koliddynb@bizjournals.com,Female,212.39.178.178
841,Gaven,MacKinnon,gmackinnonnc@salon.com,Male,193.232.11.204
842,Thurston,Lorraway,tlorrawaynd@hud.gov,Male,46.202.72.199
843,Broderick,Sperrett,bsperrettne@tumblr.com,Male,146.64.70.59
844,Lemuel,Kellington,lkellingtonnf@indiegogo.com,Male,184.27.237.139
845,Isidor,McCrostie,imccrostieng@ucsd.edu,Male,18.9.124.226
846,Kathlin,Andryushin,kandryushinnh@rakuten.co.jp,Female,8.242.189.29
847,Hi,Cranmer,hcranmerni@earthlink.net,Male,176.139.115.254
848,Korey,Dottrell,kdottrellnj@ihg.com,Male,91.39.135.73
849,Edee,Pareman,eparemannk@desdev.cn,Female,34.3.143.37
850,Johnnie,Vlasov,jvlasovnl@parallels.com,Male,37.183.27.70
851,Aloysia,Jobb,ajobbnm@engadget.com,Female,38.58.70.247
852,Thibaud,Lindblad,tlindbladnn@studiopress.com,Male,59.119.64.157
853,Latisha,Camelli,lcamellino@alexa.com,Female,33.53.95.115
854,Keefer,Hanbridge,khanbridgenp@goo.gl,Male,18.158.181.35
855,Estelle,Allabarton,eallabartonnq@privacy.gov.au,Female,48.55.238.131
856,Merilee,Ferretti,mferrettinr@instagram.com,Female,241.60.44.145
857,Wadsworth,Olliver,wolliverns@csmonitor.com,Male,94.125.175.63
858,Demetris,Pirozzi,dpirozzint@163.com,Male,243.137.152.86
859,Dasi,Augustin,daugustinnu@skype.com,Female,64.103.217.63
860,Suzanna,Pharaoh,spharaohnv@wsj.com,Female,118.104.234.190
861,Eugine,Dmitrievski,edmitrievskinw@auda.org.au,Female,245.199.55.148
862,Alfie,Thomassen,athomassennx@shinystat.com,Male,241.28.194.169
863,Mano,Reeman,mreemanny@narod.ru,Male,0.134.209.136
864,Murdock,O'Canavan,mocanavannz@indiatimes.com,Male,30.214.214.15
865,Artur,Siman,asimano0@trellian.com,Male,102.51.38.227
866,Kenyon,Saye,ksayeo1@dot.gov,Male,153.161.126.0
867,Zora,Acock,zacocko2@eepurl.com,Female,96.151.69.60
868,Olympe,Cow,ocowo3@feedburner.com,Female,182.166.137.42
869,Evie,Beames,ebeameso4@multiply.com,Female,147.9.224.137
870,Winifred,Eynald,weynaldo5@cnn.com,Female,226.206.197.217
871,Corbet,Eaves,ceaveso6@jigsy.com,Male,100.201.121.202
872,Maurise,Spong,mspongo7@independent.co.uk,Female,49.201.113.220
873,Megan,Matuszyk,mmatuszyko8@instagram.com,Female,99.114.118.29
874,Giffie,Duddan,gduddano9@columbia.edu,Male,244.238.114.44
875,Corey,Crooks,ccrooksoa@microsoft.com,Male,251.238.244.190
876,Patrick,Lillicrop,plillicropob@bbc.co.uk,Male,189.133.228.95
877,Dino,Grastye,dgrastyeoc@apache.org,Male,72.36.154.79
878,Quintin,Couper,qcouperod@google.com.br,Male,241.214.82.58
879,Kassey,Febry,kfebryoe@posterous.com,Female,221.22.172.157
880,Sally,Lavell,slavellof@google.pl,Female,240.43.249.57
881,Dimitri,Lowell,dlowellog@utexas.edu,Male,23.145.211.178
882,Lombard,Crowson,lcrowsonoh@edublogs.org,Male,150.233.28.169
883,Costanza,Bram,cbramoi@mapy.cz,Female,251.243.9.13
884,Wernher,Blofeld,wblofeldoj@dell.com,Male,225.182.236.5
885,Neala,Huckett,nhuckettok@artisteer.com,Female,92.51.250.49
886,Tiffi,Gemson,tgemsonol@cbslocal.com,Female,109.243.7.153
887,Horace,Shawcross,hshawcrossom@bing.com,Male,191.227.164.8
888,Chase,Bohea,cboheaon@mit.edu,Male,28.185.144.66
889,Finn,Copley,fcopleyoo@cdbaby.com,Male,242.239.158.180
890,Jeanette,Needham,jneedhamop@jimdo.com,Female,105.207.39.238
891,Billye,Galgey,bgalgeyoq@scribd.com,Female,143.112.61.196
892,Hammad,Smedmoor,hsmedmooror@washington.edu,Male,188.43.122.157
893,Kellen,Collumbell,kcollumbellos@buzzfeed.com,Female,164.19.136.104
894,Jacobo,Lempertz,jlempertzot@sciencedirect.com,Male,241.12.9.95
895,Haily,Weiser,hweiserou@webeden.co.uk,Female,70.251.24.21
896,Antonius,Chrichton,achrichtonov@tiny.cc,Male,196.151.56.175
897,Gloriana,Doumerque,gdoumerqueow@census.gov,Female,24.219.214.61
898,Free,Threlkeld,fthrelkeldox@weibo.com,Male,58.79.222.189
899,Clem,Askwith,caskwithoy@icq.com,Male,54.156.184.178
900,Renard,Ludwell,rludwelloz@mac.com,Male,188.195.191.248
901,Sandy,Mallia,smalliap0@blogger.com,Female,221.31.70.220
902,Ceil,Androsik,candrosikp1@sina.com.cn,Female,234.25.168.154
903,Beale,Bleythin,bbleythinp2@merriam-webster.com,Male,225.132.212.147
904,Ken,Urey,kureyp3@ucoz.com,Male,249.55.0.105
905,Byram,Cashman,bcashmanp4@rambler.ru,Male,39.15.66.215
906,Alvis,McCann,amccannp5@meetup.com,Male,238.157.135.26
907,Martyn,Arnold,marnoldp6@about.com,Male,123.76.161.132
908,Ellie,Seear,eseearp7@chron.com,Female,69.200.21.181
909,Iggy,Marsland,imarslandp8@oaic.gov.au,Male,220.34.2.58
910,Marcie,Dominik,mdominikp9@ucoz.ru,Female,133.97.4.189
911,Basile,Paoloni,bpaolonipa@youtube.com,Male,125.133.4.46
912,Bryon,Vassman,bvassmanpb@odnoklassniki.ru,Male,223.41.74.8
913,Vivia,Greves,vgrevespc@arstechnica.com,Female,65.178.75.182
914,Fanchon,Kobpal,fkobpalpd@tiny.cc,Female,76.254.248.33
915,Celle,Dumpleton,cdumpletonpe@apple.com,Female,165.247.57.193
916,Emelyne,Maton,ematonpf@vimeo.com,Female,138.70.177.232
917,Karisa,Menlow,kmenlowpg@reuters.com,Female,114.225.94.160
918,Ashby,Tiddeman,atiddemanph@discovery.com,Male,211.229.26.143
919,Cobby,Crosseland,ccrosselandpi@nsw.gov.au,Male,141.28.231.78
920,Ellerey,Sawbridge,esawbridgepj@webs.com,Male,203.176.207.44
921,Ailsun,Coldbathe,acoldbathepk@unesco.org,Female,57.160.184.225
922,Heddi,Quirke,hquirkepl@wikipedia.org,Female,120.47.5.226
923,Amii,Bootell,abootellpm@un.org,Female,234.179.139.41
924,Ad,Richold,aricholdpn@soundcloud.com,Male,185.220.86.45
925,Rachelle,Mc Trusty,rmctrustypo@alexa.com,Female,130.190.207.47
926,Pembroke,Benoy,pbenoypp@google.pl,Male,130.240.68.8
927,Geoffrey,Garrique,ggarriquepq@aboutads.info,Male,125.99.27.229
928,Doretta,Brouncker,dbrounckerpr@wikia.com,Female,154.205.232.188
929,Elsa,Ferrige,eferrigeps@yellowbook.com,Female,160.156.243.209
930,Adan,Ridwood,aridwoodpt@technorati.com,Female,253.77.236.146
931,Tynan,Maymond,tmaymondpu@t-online.de,Male,42.159.219.105
932,Missy,Hincks,mhinckspv@apache.org,Female,70.95.68.247
933,Otis,Ebunoluwa,oebunoluwapw@people.com.cn,Male,3.252.38.89
934,Ingar,Greendale,igreendalepx@edublogs.org,Male,157.73.38.70
935,Hilde,Loud,hloudpy@google.es,Female,58.55.71.155
936,Neel,Carlesso,ncarlessopz@usda.gov,Male,205.213.100.183
937,Irving,McQuilty,imcquiltyq0@merriam-webster.com,Male,227.187.162.245
938,Conroy,Oldis,coldisq1@phoca.cz,Male,11.22.57.45
939,Violante,Pizzey,vpizzeyq2@youtube.com,Female,116.209.109.136
940,Wilfred,Sorsbie,wsorsbieq3@rediff.com,Male,248.181.137.104
941,Stillman,Whitley,swhitleyq4@slideshare.net,Male,159.74.64.173
942,Ronny,Boribal,rboribalq5@census.gov,Male,75.105.172.187
943,Sergent,Seman,ssemanq6@desdev.cn,Male,178.104.235.212
944,Ann-marie,Giscken,agisckenq7@wikipedia.org,Female,105.239.14.169
945,Gregorio,Masterton,gmastertonq8@howstuffworks.com,Male,194.38.99.9
946,Inga,Baudichon,ibaudichonq9@angelfire.com,Female,73.246.76.86
947,Fax,Kurton,fkurtonqa@blogspot.com,Male,104.84.255.13
948,Wynne,Parsisson,wparsissonqb@privacy.gov.au,Female,190.102.94.60
949,Melessa,McMurty,mmcmurtyqc@domainmarket.com,Female,183.147.149.52
950,Daisy,Edmundson,dedmundsonqd@guardian.co.uk,Female,239.163.86.182
951,Clarinda,Thurborn,cthurbornqe@elegantthemes.com,Female,157.96.126.16
952,Shaylyn,Killen,skillenqf@sphinn.com,Female,122.206.162.201
953,Karalynn,Hargey,khargeyqg@businessinsider.com,Female,124.172.17.227
954,Sky,Dosedale,sdosedaleqh@bing.com,Male,230.159.69.243
955,Tiebold,Geeson,tgeesonqi@prweb.com,Male,68.62.128.173
956,Lawton,Gosker,lgoskerqj@cdc.gov,Male,43.183.240.225
957,Lavena,Cutsforth,lcutsforthqk@jiathis.com,Female,19.28.182.230
958,Jannel,Watmore,jwatmoreql@bbc.co.uk,Female,57.26.86.205
959,Randell,McKinnon,rmckinnonqm@dot.gov,Male,128.179.173.130
960,Johnette,Mecchi,jmecchiqn@blinklist.com,Female,132.133.173.216
961,Garret,Jozsa,gjozsaqo@un.org,Male,100.148.66.253
962,Mel,Speller,mspellerqp@bloglovin.com,Female,30.188.212.145
963,Cesaro,Warbeys,cwarbeysqq@princeton.edu,Male,45.209.217.135
964,Nonnah,Guild,nguildqr@networkadvertising.org,Female,152.166.124.229
965,Dougy,Klimkovich,dklimkovichqs@va.gov,Male,73.185.85.62
966,Edan,Bettenay,ebettenayqt@cdbaby.com,Male,231.252.130.214
967,Yancy,Zarfat,yzarfatqu@answers.com,Male,241.60.61.189
968,Antonino,Fillimore,afillimoreqv@theglobeandmail.com,Male,84.228.247.100
969,Dottie,Pavlovsky,dpavlovskyqw@marketwatch.com,Female,120.240.123.220
970,Paddie,Bauld,pbauldqx@china.com.cn,Male,61.146.28.243
971,Giles,Gallier,ggallierqy@chronoengine.com,Male,231.47.63.249
972,Meara,Chavey,mchaveyqz@house.gov,Female,133.128.81.29
973,Danita,Rolance,drolancer0@1688.com,Female,57.51.38.239
974,Kort,Darmody,kdarmodyr1@cloudflare.com,Male,163.13.182.14
975,Orelia,Rissom,orissomr2@i2i.jp,Female,243.51.10.230
976,Dodie,Fishbie,dfishbier3@washingtonpost.com,Female,148.8.236.174
977,Madella,Edon,medonr4@oracle.com,Female,176.85.38.132
978,Brockie,Mixer,bmixerr5@macromedia.com,Male,244.36.13.236
979,Kennan,Ryam,kryamr6@pinterest.com,Male,74.138.76.209
980,Skippy,Ilchuk,silchukr7@oracle.com,Male,213.121.224.217
981,Wylma,Kiraly,wkiralyr8@nih.gov,Female,116.18.228.177
982,Chilton,Novkovic,cnovkovicr9@digg.com,Male,186.121.15.239
983,Sayre,Pitbladdo,spitbladdora@ucsd.edu,Female,142.162.216.178
984,Cristy,Benwell,cbenwellrb@abc.net.au,Female,116.62.60.223
985,Maryjane,Launchbury,mlaunchburyrc@kickstarter.com,Female,0.191.59.183
986,Abbe,Stealfox,astealfoxrd@senate.gov,Female,3.74.159.51
987,Allister,Rummin,arumminre@wordpress.org,Male,59.84.66.137
988,Lars,Piegrome,lpiegromerf@soup.io,Male,85.90.227.127
989,Neala,Brookz,nbrookzrg@dailymotion.com,Female,165.22.105.27
990,Taddeusz,Checkley,tcheckleyrh@state.gov,Male,176.238.152.84
991,Stesha,Hurst,shurstri@last.fm,Female,18.171.228.151
992,Ondrea,Malafe,omalaferj@youtube.com,Female,45.82.219.82
993,Loreen,Boal,lboalrk@who.int,Female,24.141.2.40
994,Smitty,Crafts,scraftsrl@ustream.tv,Male,206.82.241.207
995,Codie,Hubble,chubblerm@unicef.org,Female,75.81.40.237
996,Doris,Zanassi,dzanassirn@feedburner.com,Female,192.87.230.195
997,Lazare,Stuart,lstuartro@multiply.com,Male,92.96.186.12
998,Raddy,Tefft,rtefftrp@ustream.tv,Male,154.176.109.37
999,Ella,Darracott,edarracottrq@vistaprint.com,Female,200.217.159.175
1000,Kelley,Filippucci,kfilippuccirr@stumbleupon.com,Female,113.2.112.73
